company_name,user_username,user_email,user_fname,user_lname,user_address,user_city,user_country,user_postalcode,user_aboutme
"Creative Code Inc.",prioya,qwedf@qwedf.com,qwedf,qwedf,"   qqqq ",qwedf,qwedf,852963,"   qwertf "
"Creative Code Inc.",qwerfty,"c bdghtm","v gthnmj","fd rt"," ryn f"," hty6ruj"," ght",895623,"f brthmrmjyrty"
"Creative Code Inc.",qwerfty,"c bdghtm","v gthnmj","fd rt"," ryn f"," hty6ruj"," ght",895623,"f brthmrmjyrty"
"Creative Code Inc.",prioya,qwedf@qwedf.com,qwedf,qwedf,"   qqqq ",qwedf,qwedf,852963,"   qwertf "
"Creative Code Inc.",qwerfty,"c bdghtm","v gthnmj","fd rt"," ryn f"," hty6ruj"," ght",895623,"f brthmrmjyrty"
"Creative Code Inc.",qwerfty,"c bdghtm","v gthnmj","fd rt"," ryn f"," hty6ruj"," ght",895623,"f brthmrmjyrty"
"Creative Code Inc.",prioya,qwedf@qwedf.com,qwedf,qwedf,"   qqqq ",qwedf,qwedf,852963,"   qwertf "
"Creative Code Inc.",qwerfty,"c bdghtm","v gthnmj","fd rt"," ryn f"," hty6ruj"," ght",895623,"f brthmrmjyrty"
"Creative Code Inc.",qwerfty,"c bdghtm","v gthnmj","fd rt"," ryn f"," hty6ruj"," ght",895623,"f brthmrmjyrty"
"Creative Code Inc.",prioya,qwedf@qwedf.com,qwedf,qwedf,"   qqqq ",qwedf,qwedf,852963,"   qwertf "
"Creative Code Inc.",qwerfty,"c bdghtm","v gthnmj","fd rt"," ryn f"," hty6ruj"," ght",895623,"f brthmrmjyrty"
"Creative Code Inc.",qwerfty,"c bdghtm","v gthnmj","fd rt"," ryn f"," hty6ruj"," ght",895623,"f brthmrmjyrty"
